{"cameraMode":{"drawMode":0,"name":"Shaded","section":"Shading Mode"},"sceneLighting":true,"audioPlay":false,"sceneViewState":{"showFog":true,"showMaterialUpdate":false,"showSkybox":false,"showFlares":true,"showImageEffects":true,"showParticleSystems":true,"showVisualEffectGraphs":true,"m_FxEnabled":true},"in2DMode":false,"pivot":{"x":-0.17096883058547975,"y":-0.43116164207458498,"z":0.006644487380981445},"rotation":{"x":-0.3432714343070984,"y":-0.08586954325437546,"z":0.03137228265404701,"w":-0.9348391890525818},"size":6.228944778442383,"orthographic":false}