{"cameraMode":{"drawMode":0,"name":"Shaded","section":"Shading Mode"},"sceneLighting":false,"audioPlay":false,"sceneViewState":{"showFog":true,"showMaterialUpdate":false,"showSkybox":false,"showFlares":true,"showImageEffects":false,"showParticleSystems":true,"showVisualEffectGraphs":true,"m_FxEnabled":true},"in2DMode":false,"pivot":{"x":-7.142000198364258,"y":8.102999687194825,"z":0.004999876022338867},"rotation":{"x":0.2849355638027191,"y":0.05890471115708351,"z":-0.017545195296406747,"w":0.9565811157226563},"size":0.9773806929588318,"orthographic":false}