{"cameraMode":{"drawMode":0,"name":"Shaded","section":"Shading Mode"},"sceneLighting":true,"audioPlay":false,"sceneViewState":{"showFog":true,"showMaterialUpdate":false,"showSkybox":true,"showFlares":true,"showImageEffects":true,"showParticleSystems":true,"showVisualEffectGraphs":true,"m_FxEnabled":true},"in2DMode":false,"pivot":{"x":-0.27412906289100649,"y":8.206123352050782,"z":-1.8794846534729005},"rotation":{"x":0.34729140996932986,"y":0.03234442323446274,"z":-0.011983875185251236,"w":0.9371341466903687},"size":7.024542808532715,"orthographic":false}