{"cameraMode":{"drawMode":0,"name":"Shaded","section":"Shading Mode"},"sceneLighting":true,"audioPlay":false,"sceneViewState":{"showFog":true,"showMaterialUpdate":false,"showSkybox":true,"showFlares":true,"showImageEffects":true,"showParticleSystems":true,"showVisualEffectGraphs":true,"m_FxEnabled":true},"in2DMode":false,"pivot":{"x":-0.7448940277099609,"y":-0.5334925651550293,"z":3.4784252643585207},"rotation":{"x":-0.46942734718322756,"y":0.04419974237680435,"z":-0.023536721244454385,"w":-0.8815507292747498},"size":13.284099578857422,"orthographic":false}